No,Product Name,Description,Image Link,Price,Rating,Name Of Store
1,"Samsung Galaxy A32 8/128GB 6/128GB Garansi Resmi 8 GB 6 GB 128 GB - Hitam, 6/128GB","Tersedia juga paket bundling seperti digambar produk:https://www.tokopedia.com/onestop-ponsel/bundling-item-headset-powerbank-anti-goresUntuk Produk Xiaomi, Vivo, Realme, Oppo kami repack semua yaa, hanya untuk aktivasi, selebihnya dijamin tidak ada yang ditukar/gantiPacking yang lebih aman (Opsional, untuk standar packing kami sudah memakai bubble wrap) :https://www.tokopedia.com/onestop-ponsel/packing-box-ekstra-bubble-wrapUntuk ketersediaan warna bisa dicek dibagian varian yaKenapa Wajib Beli di Onestop Ponsel?- Cashback disetiap pembelian hingga 400rb- Fast Shipping- Free Ongkos Kirim- Free Asuransi Pengiriman- Trusted ( Tidak Perlu diragukan lagi karena kami Official Store)PRODUK YANG DIJUAL DI SINI* Garansi Resmi 1 Tahun* UNIT 100% BARU, BUKAN REFUBISH ATAU SECOND* Produk dan Aksesoris 100% ORIGINAL* Good Service, Great After Sales* GARANSI Bisa claim di seluruh service center resmi Indonesia* Kredit Tanpa Kartu Kredit Bisa Menggunakan KREDIVO, AKULAKU , HOME KREDIT",https://images.tokopedia.net/img/cache/500-square/VqbcmM/2022/2/19/3f2618de-6638-46bc-bd3b-eea86059262d.png,Rp3.247.000,,
2,"Iphone 11 128GB Garansi Resmi TAM / Ibox - white, 64 New Packed","Tempered Glass iphone serieshttps://tokopedia.link/j6yieGEoKlbuntuk Harga yg dicantum :Harga Promo Dan kuotayg Diberikan Terbatas. Mohon Konfirmasi Sebelum Check OutUntuk Kapasitas64 , 128 ,256Hanya Nama Produk Iphone 11 128Varian gb dan warna silahkan diklikhttps://www.tokopedia.com/ptpratamasemesta/apple-watch-series-3-38mm-42mm-resmi-ibox?utm_source=whatsapp&amp;utm_medium=share&utm_campaign=PDP-6070464-1513267834-170422New pack / Slim Pack(Unit dan Kabel)100% Garansi resmi100% Baru dan asli100% Segel asli greenpeel ( no repack)RESMI IMEI terdaftar di kemenperin / kominfo(cek Imei: http://kemenperin‚Ä¢go‚Ä¢id/imei/ )Berlaku claim di semua service centre ibox Imei belum aktif / Fresh unit Operasional 11.00 - 19.00- setiap pembelian iphone, bila sudah terkoneksi wifi/sudah di aktifkan dibantu ke apple resminya bila ada kendala, karena itu sudah ketentuan dari apple resminya.Case Premium iphone 11https://www.tokopedia.com/sonic-phone101/case-premium-iphone-11?utm_source=Android&amp;utm_medium=Share&utm_campaign=Product%20Shareair pods pro Garansi Resmihttps://tokopedia.link/iDujiVpqWabTambahkan AirPods Gen 2:https://www.tokopedia.com/sonic-phone101/apple-airpods-with-charging-case-generasi-ke-2-garansi-iboxTambahkan AirPods Pro:https://www.tokopedia.com/sonic-phone101/apple-airpods-pro-garansi-iboxTambahkan Lamina Tempered Glass:https://www.tokopedia.com/sonic-phone101/lamina-tempered-glass-premium-iphoneTambahkan Anti Gores Hydrogel:https://www.tokopedia.com/sonic-phone101/anti-gores-hydro-gel-rock-space-all-type",https://images.tokopedia.net/img/cache/500-square/VqbcmM/2021/12/29/e68cb8aa-739d-4600-b53c-8579fd193fd8.png,Rp7.950.000,,
3,"Realme GT Master Edition 5G NFC 8/256GB Garansi Resmi Realme 8GB 256GB - 8GB 128GB BLUE, Non Bundle","*READY ACCESSORIES SMARTPHONE :https://www.tokopedia.com/dewaponselrakyat/anti-gores-hydrogel-hydro-gel-bisa-untuk-semua-handphonehttps://www.tokopedia.com/dewaponselrakyat/powerbank-realme-2i-10-000mah-powerbank-headphoneMengenai varian:- Non Bundle: Hanya dapat unit hape dan item yang termasuk di dalam box bawaan- Bundle Hydrogel: Paket bundling dengan antigores Hydrogel- Bundle Speaker Theater = Dapat Bonus Speaker Oase Home Theater- Bundle Headset JBL J22 : Paket bundling dengan Headset  JBL J22- Paket Bundle Lengkap= Dapat Semua Bonus Yang Disebutkan DiatasDiHARAP DIBACA SEBELUM MEMBELI :1.Setiap Pembelian unit di ""DEWA PONSEL"" Official StoreCASHBACK HINGGA 350RB2.GRATIS ONGKIR DAN ASURANSI PENGIRIMAN PENGIRIMANTersedia Warna :Voyager Grey dan Daybreak BluePilihan warna dikolom variant saat melakukan checkout!FAST RESPON WA DI #Nol-895-3248-39980KENAPA BELI DI DEWA PONSEL RAKYAT?- Terpercaya, toko kita OFFICIAL STORE di Tokopedia (TRUSTED SELLER)- Barang 100% original unit baru, gak jual barang bekas atau refurbished- Uang kita kembalikan 2x lipat kalau barang tidak original- Garansi resmi Indonesia, bisa klaim ke service center terdekat- Bisa COD Jakarta, terima barang baru bayar- Bisa request split order- Ada tim aftersales untuk membantu proses klaim garansi jika kesulitanNOTE :- Pengiriman Gojek/ Grab Sameday batas order masuk jam 12.00- Gojek/ Grab Instant jam 15.00, lewat jam tersebut kemungkinan kirim keesokan harinya- Untuk produk Oppo, Vivo, Realme segel kita buka dulu sebelum kirim untuk pengisian dan registrasi kartu garansi, setelah itu kita segel ulang (repack)- Harap untuk divideo waktu unboxing paket, Dewa Ponsel tidak menerima komplain tanpa video unboxing- Barang yang sudah dibeli tidak dapat ditukar atau di kembalikan, kecuali ada cacat barang saat baru dibuka- Batas waktu pengajuan komplain 1x24 jam- Membeli = setuju",https://images.tokopedia.net/img/cache/500-square/VqbcmM/2021/10/11/7e33b6a3-5ad7-4993-9d42-10064e0bb80c.jpg,Rp4.479.000,,
4,Apple iPhone 11 128 GB - Garansi Resmi iBox Apple Indonesia - Putih,"Garansi Resmi iBox Apple Indonesia 1 Tahun100% Baru dan Segel Asli Apple (Greenpeel)Imei Terdaftar Resmi di KemenperinINFO : iPhone 11 Produksi Baru / Packaging Baru tidak mendapat Headset dan Kepala Charger (isi Box iPhone dan kabel usb c to lightning)Spesifikasi :Jaringan	GSM / HSPA / LTESistem Operasi	iOS 14Prosesor	Apple A13 Bionic (7 nm+), Hexa-core (2x2.65 GHz Lightning + 4x1.8 GHz Thunder)GPU	Apple GPU (4-core graphics)RAM	4 GBUkuran Layar	6.1 inchTipe Layar	Liquid Retina IPS LCD capacitive touchscreen, 16M colors, True Tone, Haptic Touch, 625 nitsResolusi Layar	828 x 1792 pixels, 19.5:9 ratio (~326 ppi density)Kamera Belakang	Dual 12 MP, f/1.8, 26mm (wide), 1/2.55"", 1.4¬µm, dual pixel PDAF, OIS12 MP, f/2.4, 13mm (ultrawide)Kamera Depan	12 MP, f/2.2, 23mm (wide)SL 3D cameraAudio	Stereo Speakers, Dolby Atmos, Dolby Digital PlusWLAN	Wi-Fi 802.11 a/b/g/n/ac/ax, dual-band, hotspotBluetooth	5.0, A2DP, LEGPS	A-GPS, GLONASS, GALILEO, QZSSSensor	Face ID, accelerometer, gyro, proximity, compass, barometer, Proximity, Ambient light, Siri natural language commands and dictationBaterai	3110 mAhPengisian Daya	Support fast battery charging, USB Power Delivery 2.0, Qi wireless chargingSlot Memori Eksternal	NoSIM	Dual Nano/eSIMBerat	194 grDimensi	150.9 x 75.7 x 8.3 mm",https://images.tokopedia.net/img/cache/500-square/VqbcmM/2021/4/19/660e3571-65c7-4593-9e91-1037878bc1f0.jpg,Rp9.099.000,,
5,Samsung Galaxy A22 5G 6/128 GB Garasni Resmi SEIN - Abu-abu,"Ready Stock  April 2022Kartu Perdana : https://www.tokopedia.com/gudang-hp/kartu-perdana-smartfren-bonus-spesial-bonus-kuota-360gb-selama-2-tahunBuild	Glass front, plastic frame, plastic backDISPLAY	Type	TFT, 90HzSize	6.6 inches, 105.2 cm2 (~82.3% screen-to-body ratio)Resolution	1080 x 2400 pixels, 20:9 ratio (~399 ppi density)PLATFORM	OS	Android 11, One UI Core 3.1Chipset	MediaTek MT6833 Dimensity 700 5G (7 nm)CPU	Octa-core (2x2.2 GHz Cortex-A76 & 6x2.0 GHz Cortex-A55)GPU	Mali-G57 MC2Internal	128GB 6GB RAMMAIN CAMERA	Triple	48 MP, f/1.8, (wide), PDAF5 MP, f/2.2, 115Àö (ultrawide), 1/5.0"", 1.12¬µm2 MP, f/2.4, (depth)SELFIE CAMERA	Single	8 MP, f/2.0, (wide)BATTERY	Type	Li-Po 5000 mAh, non-removable",https://images.tokopedia.net/img/cache/500-square/VqbcmM/2021/8/26/aaff62e7-e733-48b0-b04a-4bf22d3734c3.jpg,Rp2.896.000,,
6,Samsung Galaxy A12 4/128 GB Garansi Resmi SEIN - Biru,"SIM Single SIM (Nano-SIM) or Dual SIM (Nano-SIM, dual stand-by)Size 6.5 inches, PLATFORM OS Android 10Chipset Mediatek MT6765 Helio P35 (12nm)CPU Octa-core (4x2.35 GHz Cortex-A53 & 4x1.8 GHz Cortex-A53)GPU PowerVR GE8320Internal 128GB 4GB RAMMAIN CAMERA Quad 48 MP, 5 MP, 2 MP, 2 MP, SELFIE CAMERA Single 8 MP, f/2.2BATTERY Type Li-Po 5000 mAh, non-removable",https://images.tokopedia.net/img/cache/500-square/VqbcmM/2022/2/24/e8cfbaec-6352-4bcb-89ce-5c3629ce51d2.jpg,Rp2.148.000,,
7,Realme C11 2021 2/32 GB Garansi Resmi - Abu-abu,"Ready Stock April 2022Kartu Perdana : https://www.tokopedia.com/gudang-hp/kartu-perdana-smartfren-bonus-spesial-bonus-kuota-360gb-selama-2-tahunKardus Dan Bubble Warp : https://www.tokopedia.com/gudang-hp/kardus-bubble-extra-packingAnti Crack : https://www.tokopedia.com/gudang-hp/anti-crack-realme-c11-2021Barang akan kita open box sebelum kirim , untuk ambil kartu garansi.Fungsi kami wajib setor kartu garansi untuk pihak REALME supaya bila terjadi sesuatu dengan HP maka bisa langsung claim di semua SERVISE CENTER REALME INDONESIASize	6.52 inches, 102.6 cm2 (~81.3% screen-to-body ratio)PLATFORM	OS	Android 11, Realme Go UIChipset	Unisoc SC9863A (28nm)CPU	Octa-core (4x1.6 GHz Cortex-A55 & 4x1.2 GHz Cortex-A55)GPU	IMG8322Internal	32GB 2GB RAM 	eMMC 5.1MAIN CAMERA	Single	8 MP, f/2.0, (wide), AFSELFIE CAMERA	Single	5 MP, f/2.2, (wide)BATTERY	Type	Li-Po 5000 mAh, non-removable",https://images.tokopedia.net/img/cache/500-square/VqbcmM/2021/8/13/e6e792b2-8f89-4ce3-ac6b-3bfbf597b5d9.jpg,Rp1.207.000,,
8,"Realme 8 Helio G95 Gaming Processor, 64MP AI Quad Camera - R8i Ungu","VARIAN R8i RAM 6/128Mau order Cemilan Kuaci TARUS nya juga ? Kita ada kok :D . Langsung cek link ini ya :)https://www.tokopedia.com/evogad/kuaci-kwaci-tarus-biji-bunga-matahari-cemilan-santai-100grAyoo Tambahkan EXTRA Bubble Wrap dan Kardus supaya paket lebih aman sampai di tujuan :)https://www.tokopedia.com/evogad/tambahan-bubble-wrapGaransi Resmi Realme Indonesia 1 tahun.Garansi tukar unit 3x24 jamGaransi kerusakan dan ganti unit baru 7x24 jam sejak barang diterimaIMEI terdaftar di KOMINFO, bisa di cek melalui website :https://imei.kemenperin.go.id/Gratis Ongkos Kirim (kode Voucher EVOGONGKIR)Gratis Biaya Admin 2% dengan metode pembayaran kartu kreditGratis Cicilan 0%Ayo pake bubble tambahan agar paket semakin aman saat pengiriman.https://www.tokopedia.com/evogad/tambahan-bubble-wrap?m_id=18262567Powerbank Realme lagi diskon nih gaishttps://www.tokopedia.com/evogad/realme-powerbank-2i-10000mah-quick-charge-dual-output-originalSpesifikasi :Ukuran layar: 6.4 inci, 1080 x 2400 pixels, Super AMOLEDMemori: RAM 8 GB, ROM 128 GB, MicroSD slotSistem operasi: Android 11, Realme UI 2.0CPU: Mediatek Helio G95 (12 nm) Octa-core up to 2.05 GHzGPU: Mali-G76 MC4Kamera: Quad 64 MP, f/1.79, 26mm (wide); 8 MP, f/2.25, 119Àö, 16mm (ultrawide); 2 MP, f/2.4, (macro); 2 MP, f/2.4, (depth), depan 16 MP, f/2.45, (wide)SIM: Dual SIM (Nano-SIM)Baterai: Li-Po 5000 mAh, non-removableBerat: 177 gramNFC ( HANYA UTK REALME 8 )",https://images.tokopedia.net/img/cache/500-square/VqbcmM/2022/2/16/a843dcab-8a93-4678-834d-229f6c353891.jpg,Rp2.621.000,,
9,"Samsung Galaxy A12 6/128GB 4/128GB Garasni SEIN 4 GB 6 GB 128 GB - Hitam, 4/128GB","Tersedia juga paket bundling seperti digambar produk:https://www.tokopedia.com/onestop-ponsel/bundling-item-headset-powerbank-anti-goresUntuk Produk Xiaomi, Vivo, Realme, Oppo kami repack semua yaa, hanya untuk aktivasi, selebihnya dijamin tidak ada yang ditukar/gantiPacking yang lebih aman (Opsional, untuk standar packing kami sudah memakai bubble wrap) :https://www.tokopedia.com/onestop-ponsel/packing-box-ekstra-bubble-wrapUntuk ketersediaan warna bisa dicek dibagian varian yaKenapa Wajib Beli di Onestop Ponsel?- Cashback disetiap pembelian hingga 400rb- Fast Shipping- Free Ongkos Kirim- Free Asuransi Pengiriman- Trusted ( Tidak Perlu diragukan lagi karena kami Official Store)PRODUK YANG DIJUAL DI SINI* Garansi Resmi 1 Tahun* UNIT 100% BARU, BUKAN REFUBISH ATAU SECOND* Produk dan Aksesoris 100% ORIGINAL* Good Service, Great After Sales* GARANSI Bisa claim di seluruh service center resmi Indonesia* Kredit Tanpa Kartu Kredit Bisa Menggunakan KREDIVO, AKULAKU , HOME KREDIT",https://images.tokopedia.net/img/cache/500-square/VqbcmM/2022/2/19/e877b8d8-eb55-4e23-a30a-a5008e47f3e4.png,Rp2.158.000,,
10,Xiaomi Redmi Note 10s NFC 6GB+64GB - 8GB+128GB Garansi Resmi - [6/128] Gray,"Sekedar info,kami BTS sudah berkecimpung lama di dunia ecommerce dan kami mulai fokus kembali ditokopedia (mohon support dan dukungan kalian ya para pelanggan BTS)Tentang pelayanan kami :- Kami selalu berusaha memberikan harga yang terbaik / bersaing- Kami selalu berusaha memberikan kualitas produk yang sesuai dengan deskripsi produk- Aftersales kami bisa di uji coba (karna kami bukan seller musiman)- Kami jujur terhadap barang yang kami jual (resmi kami info resmi,inter kami info inter)Deskripsi produk :- Brandnew 100% repack/non repack (random)- Garansi resmi xiaomi indonesia- Imei terdaftar di kemenperin- Repack/non repack randomSpesifikasi :Body 	Dimensions  160.5 x 74.5 x 8.3 mm (6.32 x 2.93 x 0.33 in)Weight  178.8 g (6.31 oz)SIM 	Dual SIM (Nano-SIM, dual stand-by) IP53, dust and splash protectionDisplay Type  AMOLED, 450 nits (typ), 1100 nits (peak)Size  6.43 inches, 99.8 cm2 (~83.5% screen-to-body ratio)Resolution  1080 x 2400 pixels, 20:9 ratio (~409 ppi density)Protection 	Corning Gorilla Glass 3Platform 	OS 	Android 11, MIUI 12.5Chipset Mediatek Helio G95 (12 nm)CPU 	Octa-core (2x2.05 GHz Cortex-A76 & 6x2.0 GHz Cortex-A55)GPU 	Mali-G76 MC4Memory 	Card slot 	microSDXC (dedicated slot)Internal 	64GB 6GB RAM, 128GB 6GB RAM, 128GB 8GB RAM UFS 2.2Main Camera 	Quad 64 MP, f/1.8, 26mm (wide), 1/1.97"", 0.7¬µm, PDAF8 MP, f/2.2, 118Àö (ultrawide), 1/4.0"", 1.12¬µm2 MP, f/2.4, (macro)2 MP, f/2.4, (depth)Features 	LED flash, HDR, panoramaVideo 4K@30fps, 1080p@30/60/120fps, 720p@960fpsSelfie camera 	Single 13 MP, f/2.5, (wide), 1/3.06"", 1.12¬µmFeatures 	HDRVideo 1080p@30fpsSound 	Loudspeaker 	Yes, with stereo speakers3.5mm jack 	Yes 24-bit/192kHz audioComms WLAN  Wi-Fi 802.11 a/b/g/n/ac, dual-band, Wi-Fi Direct, hotspotBluetooth  5.1, A2DP, LEGPS  Yes, with A-GPS, GLONASS, GALILEO, BDSNFC  YesInfrared port  YesRadio  UnspecifiedUSB 	UNTUK PENGIRIMAN HR INI LEWAT SAMEDAY/INSTANT BS CHAT DULU",https://images.tokopedia.net/img/cache/500-square/VqbcmM/2021/8/23/79e0d84a-1a84-4ac8-8b74-4645e6b957fb.jpg,Rp2.513.000,,
11,"Samsung Galaxy A52 8/128 , 8/256gb Resmi SEIN 1tahun - Hitam, 8/128","Processor	Snapdragon 778GSize	6.5""Technology	Super AMOLEDResolution	FHD+Rear Camera Resolution	64.0 MP OIS + 12.0 MP + 5.0 MP + 5.0 MPMain Camera Auto Focus	YesRear Camera - OIS	YesRear Camera - Zoom	Digital Zoom up to 10xFront Camera Resolution	32.0 MPFront Camera Auto Focus	NoVideo Resolution	UHD 4K (3840 x 2160) @ 30fpsRAM	8GBROM	256GBSIM Tray	Dual-SIMNetwork Type	5GUSB Interface	USB Type-CUSB Version	USB 2.0Earjack	3.5mm StereoBluetooth Version	Bluetooth v5.0NFC	YesBattery Capacity	4500mAhSamsungDex Support	No",https://images.tokopedia.net/img/cache/500-square/VqbcmM/2022/3/18/cb71ec5b-c5c6-4edf-a7d5-b62fed00bf87.jpg,Rp4.475.000,,
12,Maxtron C28 Pro Garansi Resmi - Green Black,"Ready Stok *10 Maret 2022Spesifikasi :- LAYAR : 1,8""- DUAL SIM GSM ON- MODE GETAR- BATT 600mAhFITUR :Camera, FM Radio, Bluetooth, Torch, MP3, Slot Micro SD",https://images.tokopedia.net/img/cache/500-square/VqbcmM/2021/8/13/d67a9ef5-17ca-4c0c-ba6b-105fa02604c4.jpg,Rp133.000,,
13,"iPhone 11 SECOND - Black, 64 gb","SELAMAT DATANG DI KEY PHONE CELLULARHarap menanyakan Stok terlebih dahuluiPhone 11 Second OriginalEX Inter / Bekas Internasional USA/AUS/JAUnit Batangan, jika mau fullset tambah kotak saat orderBisa dipakai di semua jaringan / All Provider IndonesiaKondisi Mesin NormalKondisi Unit Mulus (90-95%)Skor 3utools hijau semuaiCloud bebas Reset, langsung login Apple ID Battery Health 85% ke atasSebelum dikirim, kami akan melakukan QC (Quality Check) untuk mengurangi resiko ReturGARANSI TOKO 1 MINGGUSyarat dan Ketentuan Garansi:- Unit wajib memiliki segel yang utuh seperti yang dikirim- Barang yang di retur harus dalam keadaan fisik bagus (seperti yang diterima) dan segel utuh (tidak rusak).- Ongkos kirim & retur sepenuhnya di tanggung oleh pembeli- Garansi tidak berlaku (VOID) jika Unit rusak karena kesalahan pengguna (human error), unit jatuh, terkena cairan, atau segel rusak/hilang/sobekSilahkan chat kami untuk info lebih jelas.Barang Sudah Di beli Tidak Dapat Di Kembalikan / BatalSELAMAT BERBELANJA",https://images.tokopedia.net/img/cache/500-square/VqbcmM/2021/3/9/4d2ab9ff-d78b-4e4c-905b-d4590e6a3a84.jpg,Rp5.400.000,,
14,Samsung Galaxy A32 [6/128GB] - [8/128GB] Garansi Resmi SEIN - 8/128GB BLUE,"Pilih sesuai internal ya : 6/128gb 8/128gbGaransi Resmi SEINLayar 6.4"" Super AMOLEDProcessor Octa Core 2GHz, 1.8GHzKamera Belakang 64.0 MP + 8.0 MP + 5.0 MP + 5.0 MPKamera Depan 20.0 MPRAM 6GB / 8GBROM 128GB / 128GBDukungan Memori Eksternal MicroSD (Up to 1TB)NFC : YESBattery 5000mAh",https://images.tokopedia.net/img/cache/500-square/VqbcmM/2021/7/22/a34c5200-f9d0-4f5c-a99c-2cc860e7f1f0.png,Rp3.410.000,,
15,Xiaomi Redmi 9C 3/32 GB 3GB 32GB GARANSI RESMI XIAOMI INDONESIA - redmi 9a 2gb/32,"NEW Xiaomi Redmi 9C 3GB 32gb GARANSI RESMI XIAOMI INDONESIADIJAMIN ORIGINAL 100% DAN NO REPAKCING, Tersegel WRAP plastik dari OFFICIAL XIAOMI INDONESIA ASLI, Garansi Resmi OFFICIAL XIAOMI Indonesia 24 BULAN / 2 Tahun Dan IMEI Pasti TERDAFTAR DI Kominfo, Bukan barang dari luar negeri, Made In IndonesiaFREE PACKING DUS + BUBLE WRAP KEMANA PUN TUJUAN NYA, SILAHKAN TAMBAHKAN DI NOTEREADY STOK WARNA :# GREY MIDNIGHT READY tidak banyak# BLUE TWILIGHT READY tidak banyak# ORANGE SUNRISE TANYA DuluHARAP KONFIRMASI KETERSEDIAAN BARANG SEBELUM MELAKUKAN PEMESANANKARENA Kami tidak hanya menjual di 1 market place ada kemungkinan stock berubah2 danSilahkan bertanya kalau ingin membeli di market place Sh00p3 atau Bk4l4p4kPelayanan & Pengiriman Kami Bisa Kapan Saja Setiap Saat~catatan:Xiaomi Samsung saat ini memakai sistem aktivasi garansi elektronik. Kartu/sim card dimasukkan dan hp dinyalakan, otomatis connect ke internet dan imei unit tercatat di server xiaomi dan aktif garansinya.Untuk tipe-tipe baru saat ini sudah tidak disertakan lembaran kartu garansi fisik seperti di produk-produk sebelumnya, jadi harap dimengerti ya. Dan Claim Garansi hanya membawa HPnya saja nanti IMEI dari Hp anda di scan oleh pihak Service Center.Deskripsi HP = gsmarena redmi 9C / CEK GAMBAR + VIDEO",https://images.tokopedia.net/img/cache/500-square/VqbcmM/2020/9/21/9e7f4b5c-3fe1-4016-9193-d7afd413279e.jpg,Rp1.200.000,,
16,"SAMSUNG GALAXY S9 4GB 64GB SEKEN ASLI ORIGNAL ALL OPERATOR. - 90-95SDOW PARAH, ROSEGOLD","SAMSUNG GALAXY S9 4GB 64GB SEKEN ASLI ORIGNAL ALL OPERATOR.FISIK 95-98% SHADOW TIPIS BANGET WARNA : PINK GREY HITAMVARIAN TERSEDIA FISIK 85% MIX SHADOW TIPIS/NO SHADOW LECET LECET 95% MIX SHADOW TIPIS/NO SHADOW LECET TIPIS 97% NO SHADOW ARTINYA LAYAR BERSIH.1. Pengiriman dari Jkt bisa GOJEK/GRAB setiap hari Batas jam 16:30 lewat kirim besok pagi.2. Semua Orderan dikirim pada hari yang sama.3. Minggu JNE on , hanya kirim JNT - resi diinput 1 x 24 Jam.4. Toko tetap buka dari Senin sampai Minggu.minggu tutup jam 14:305. Personal Garansi 7 Hari Ganti UNIT BARU terhitung sejak barang diterima.6. Ongkir Full adalah Tanggungan Pembeli7. IMEI SUDAH TERDAFTAR PERMANEN8. feed back bintang 1 atau KOMENT NEGATIF garansi hangus semua.Spek Singkat :- 4G Lte- 5.8 Inch- System Android 10- Ram 4 Internal 64 GB- Kamera Belakang 12 MP- Kamera depan 8 MP- SnapDragon 845- Single SIM- NFC On - Battrey 3000 Mah- BAHASA indonesia - Mohon cantumkan di KETERANGAN biar gak salah kirim WARNA.Garansi Seminggu Terhitung Setelah Paket di terima1 ketentuan garansi yg tidak berlaku seperti :2 Jatuh mengakibatkan HP Lecet / pecah3 Terkena cairan/air4 Segel Rusak / hilang , hangus garansi.5 BUKAN GARANSI ANTI AIR!!6 CONTOH CARA SETTING APN UTK 4G / LIHAT CONTOH DI GOOGLE ATAU DI VIDEO YOUTUBE7 HAPPY SHOPING TERIMA KASIH",https://images.tokopedia.net/img/cache/500-square/VqbcmM/2021/9/7/f893341a-4d72-421b-9cb1-86a943ffbf5c.jpg,Rp1.699.000,,
17,"Samsung Galaxy M32 8GB/128GB M 32 8/128GB 6/128 Resmi Sein NFC NOT a51 - Random, 6Gb/128Gb","menerima Cicilan / Kredit TANPA Kartu Kredit Untuk Cicilan 0 % Bisa langsung Attach Via Tokped dan Jika ingin cek langsung bisa chat kami dan Bisa cek langsung di store kamiPENTING UNTUK DIBACA*Barang Dijamin 100% Brand New In Box + Segel Unit dan Aksesoris*Barang 100% ORIGINAL Garansi UANG KEMBALI*Garansi Resmi Samsung Electronic Indonesia (SEIN)*Jaminan IMEI Terdaftar di kemenperin IndonesiaGalaxy M32SM-M325FZKHXIDInfinity-U DisplayMulti Camera SystemThe 5,000mAh Battery*ProcessorCPU Speed2GHz, 1.8GHz CPU TypeOcta-CoreDisplaySize (Main_Display)162.1mm (6.4"" full rectangle) / 158.7mm (6.2"" rounded corners) Resolution (Main Display)1080 x 2400 (FHD+) Technology (Main Display)Super AMOLED Color Depth (Main Display)16MCameraRear Camera - Resolution (Multiple)64.0 MP + 8.0 MP + 2.0 MP + 2.0 MP Rear Camera - F Number (Multiple)F1.8 , F2.2 , F2.4 , F2.4 Main Camera - Auto FocusYes Rear Camera - OIS",https://images.tokopedia.net/img/cache/500-square/VqbcmM/2021/8/23/e24e3afd-bf00-42b0-b542-ce860cd8b5ec.jpg,Rp2.775.000,,
18,SAMSUNG GALAXY M12 4/64 GB GARANSI RESMI SAMSUNG INDONESIA - Hitam,"UNTUK VARIAN M12 3/32:https://www.tokopedia.com/shopzone2882/samsung-galaxy-m12-3-32-gb-garansi-resmi-samsung-indonesiaSAMSUNG GALAXY M12 4/64 GB GARANSI RESMI SAMSUNG INDONESIA 1 TAHUN, BARU DAN SEGELIMEI TERDAFTAR DI KEMENPERIN..Spesifikasi :NETWORK TechnologyGSM / HSPA / LTEBODY Dimensions 164 x 75.9 x 9.7 mm (6.46 x 2.99 x 0.38 in)Weight 212 g (7.48 oz)Build Glass front, plastic back, plastic frameSIM Dual SIM (Nano-SIM, dual stand-by)DISPLAY Type PLS IPS, 90HzSize 6.5 inches, 102.0 cm2 (~81.9% screen-to-body ratio)Resolution 720 x 1600 pixels, 20:9 ratio (~270 ppi density)PLATFORM OS Android 11, One UI Core 3.1Chipset Exynos 850 (8nm)CPU Octa-core (4x2.0 GHz Cortex-A55 & 4x2.0 GHz Cortex-A55)GPU Mali-G52MEMORY Card slot microSDXC (dedicated slot)Internal 64GB 4GB RAM, 128GB 4GB RAMeMMC 5.1MAIN CAMERA Quad 48 MP, f/2.0, (wide), 1/2.0"", 0.8¬µm, PDAF5 MP, f/2.2, 123Àö (ultrawide)2 MP, f/2.4, (macro)2 MP, f/2.4, (depth)Features LED flash, panorama, HDRVideo 1080p@30fpsSELFIE CAMERA Single 8 MP, f/2.2, (wide)Features HDRVideo 1080p@30fpsSOUND Loudspeaker Yes3.5mm jack YesCOMMS WLAN Wi-Fi 802.11 b/g/n, Wi-Fi Direct, hotspotBluetooth 5.0, A2DP, LEGPS Yes, with A-GPS, GLONASS, GALILEO, BDSRadio UnspecifiedUSB USB Type-C 2.0FEATURES Sensors Fingerprint (side-mounted), accelerometer, proximityBATTERY Type Li-Po 5000 mAh, non-removableCharging Fast charging 15W",https://images.tokopedia.net/img/cache/500-square/VqbcmM/2021/11/14/0fcc7a37-b8ef-4cf6-a63a-2bc37905323a.jpg,Rp1.819.000,,
19,"HP realme narzo 30A 4/64GB,Helio G85,6000mAH,18W Quick Charging,AI CAM - C21y 4/64 B","Narzo 30A 4/64GB IMEI Resmi TerdaftarUkuran layer 6.517 inch Jenis kaca Gorilla Glass 3 Resolusi HD+ 720*1600 Jumlah kamera belakang 2 Piksel dari setiap lensa Utama: 13MP + Potret: 2MP Zoom Digital Maksimum 4XJumlah kamera depan 1 Piksel dari setiap lensa Utama: 8MPNama prosesor MediaTek G85 Octa-core 64 bitRAM 4GB ROM 64 GBMemori Eksternal Maksimum 256GBKapasitas baterai 6000mAhDaya pengisian maks QC/18WGSM:850/900/1800/1900Fungsi kunci telepon:Buka kunci wajah, buka kunci sidik jari, buka kata sandi, buka kunci pola Jenis sidik jari Rear fingerprintColokan headset 3.5mm Colokan USB Type-CSlot Kartu SIM 2 Nano card slots + 1 Micro SDVersi Android 10 versi realme UI realme UI V1.0 Isi Kemasan :narzo 30A*1 18W Charger*1 USB Type-C Cable*1 Sim Card Tool*1 User guide & Warranty Card*1 C21Y 4/64GB IMEI Resmi Terdaftar 5000mAh Massive Battery13MP AI Triple Camera16.5cm (6.5"") Large DisplayOcta Core ProcessorInstant Fingerprint SensorT√úV Rheinland Smartphone High Reliability Certification3-Card Slot Up to 256GB External MemoryTrendsetting Design (Geometric Art Design)Super Power Saving ModeMicro USB Chargerrealme UIRealme C25S 4/128GB Helio G85 Gaming Processor 48MP AI Triple Camera 6000mAh Mega Battery 18W Quick Charge Real Quality Instant Fingerprint Sensor 8MP Selfie Camera 16.5cm (6.5"") Large Display Geometric Art Design Super Power Saving Mode 3-Card Slot T√úV Rheinland Smartphone High Reliability Certification Narzo 50i 4/64GBSIM	Dual SIM (Nano-SIM, dual stand-by)DISPLAY	Type	IPS LCD, 400 nits (typ)Size	6.5 inches, 102.0 cm2 (~80.8% screen-to-body ratio)PLATFORM	OS	Android 11, Realme Go UICPU	Octa-core 1.6 GHzGPU	IMG8322Internal	 64GB 4GB RAMMAIN CAMERA	Single	8 MP, f/2.0, (wide), AFFeatures	LED flash, HDR, panoramaSELFIE CAMERA	Single	5 MP, f/2.2, (wide)Features	HDRBATTERY	Type	Li-Po 5000 mAh, non-removableSyarat & Ketentuan Komplain Produk: - Mohon untuk bisa melakukan Video Unboxing (Pembukaan Paket)",https://images.tokopedia.net/img/cache/500-square/VqbcmM/2021/11/9/2a9db570-7b00-43e0-827b-3500a311bb52.jpg,Rp1.739.000,,
20,Evercoss Xtream 1 (S45) - Hitam,"KENAPA HARUS BELI DI OFFICIAL STORE!!!karena jika barang di terima dalam kondisi tidak baik dapat dilakukan penukaran / pengembalian tanpa proses yang menyulitkanSpecificationsGENERALReleases	April 2018Type	Xtream 1Oprating system	Android 7.0 NougatSIM	Dual SIMDISPLAYScreen Type	Screen Resolution	480 * 854 PixelsScreen Size	4.5 InchHARDWARECPU	Quad Core 1.3 GHzRAM	1 GBInternal Memory	8 GBEksternal Memory	Micro SD up to 32 GBBattery	1700 mAhDESIGNDimension	134 * 34.3 * 10.8 mmWeight	103 gr/136 grColor	Black, Blue, Gold, GreyCAMERABack Camera	5.0 MP With FlashFront Camera	2.0 MPOTHERNetwork	GSM/3G/HSDPA+/4GConnectivity	Bluetooth, WifiSensor	GPS, 3D Gravity Sensor, Gesture Smart AccessFeatures	Video Call/Chat, Gesture Smart AccessFree Item	Soft Case",https://images.tokopedia.net/img/cache/500-square/VqbcmM/2021/7/23/c7e0d6d5-7a5e-4df3-8a1f-8e46fa7dbeb0.jpg,Rp489.000,,
21,"OPPO A16 RAM 3/32 GB GARANSI RESMI OPPO INDONESIA - demo tanpa dus, A16 3+32GB","NEW ARIVAL!!OPPO A16 RAM 3/32 GB GARANSI RESMI OPPO INDONESIANote: Claim Garansi bisa Dilakukan Di Seluruh Service Center Oppo Indonesia dan 100% ORIGINAL.IMEI TERDAFTAR DI KEMENPERIN.BACA DULU YA GAN BIAR GA SALAH PAHAMKETERANGAN: Barang akan kita open box sebelum kirim untuk ambil Kartu garansi dan di Aktivasi mendaftarkan garansi nya.Jadi jangan KOMPLAIN. Kenapa tidak segel ? Fungsinya kami wajib setor Kartu Garansi untuk pihak OPPO supaya bila terjadi sesuatu dengan HP maka bisa langsung klaim di semua SERVICE CENTER OPPO DISELURUH INDONESIA. Ready Warna :- Space Silver- Crystal BlackBONUS :1. IRING2. GURITA3. SOFTCASE ( BAWAAN )4. ANTIGORES ( BAWAAN )5. PERDANA SIM6. WATERPROOF CASEBONUS SELALU TERSEDIA....!!!!!PENGIRIMAN CEPAT DAN DIJAMIN SAMPAI TUJUAN ANDA .PACKING LEBIH AMAN DENGAN MENGGUNAKAN BUBLE WRAP ( FREEE ).NB :SEBELUM ORDER CEK DULU YA WARNA NYA DAN SAAT ORDER MOHON TULIS WARNA DI KETERANGAN.Specification :ProcessorMediatek Helio G35Dsiplay6.52 inci TFT-LCDscreen, HD+ 1600 x 720 resolution, 60Hz Refresh RateRAM / ROM3GB LPDDR4X / 32 GB UFS 2.1 (Expandable up to 256GB)Main Camera13MP F/2.2 (main camera) + 2MP F/2.4 (portrait) + 2MP F/2.4 (macro)Front Camera8MP F/2.0 (front camera)UnlockFace Recognition + Side Fingerprint UnlockBattery & Charging5000mAh Battery & 5V2A ChargingColorOS 11.1 based Android 11",https://images.tokopedia.net/img/cache/500-square/VqbcmM/2021/9/24/f9501504-8aa2-4fce-a6b9-9358e893facb.jpg,Rp1.479.900,,
22,"SONY XPERIA XZ2 COMPACT 4GB 64GB SEKEN ORIGNAL - 97%NO SHADOW BT, Putih","SONY XPERIA XZ2 COMPACT 4GB 64GB BEKAS ORIGNAL SO-05KFisik: 95-97% Mulus ,LAYAR BERSIH NO WSIngin Fullset up 100ribu DUS UNIVERSAL BUKAN ORI TAPI OEMWarna: ORANGE , SILVER , HITAM , BIRU GREEN1. Pengiriman dari JAKARTA bisa GOJEK/GRAB setiap hari Batas jam 16:30 lewat kirim besok pagi.2. Semua Orderan dikirim pada hari yang sama.3. Minggu JNE on , hanya kirim JNT - resi diinput 1 x 24 Jam.4. Toko tetap buka dari Senin sampai Minggu.5. Personal Garansi 7 Hari Ganti UNIT BARU terhitung sejak barang diterima.6. Ongkir Full adalah Tanggungan Pembeli7. garansi servis imei 1 tahun Gratis . lewat tetap bisa bantu ada biaya 100ribu8. feed back bintang 1 atau negativ garansi hangus semua.Spek Singkat :- 4G Lte- 5.0 Inch- System Android 9 PIE UP TO 10- Ram 4 Internal 64 GB- Kamera Belakang 19 MP- Kamera depan 5 MP- SnapDragon 845- Single SIM- NFC On - Battrey 2870 Mah- Wireless Charging Tidak- Mohon cantumkan di KETERANGAN biar gak salah kirim WARNA.Garansi Seminggu Terhitung Setelah Paket di terima1 ketentuan garansi yg tidak berlaku seperti :2 Jatuh mengakibatkan HP Lecet / pecah3 Terkena cairan/air4 Segel Rusak / hilang , hangus garansi.5 BUKAN GARANSI ANTI AIR!!6 PAKET TIBA WAJIB UNBOXING VIDEO SEBELUM BUKA PAKET.7 CONTOH CARA SETTING APN UTK 4G / LIHAT CONTOH DI GOOGLE ATAU DI VIDEO YOUTUBE8 HAPPY SHOPPING TERIMA KASIH",https://images.tokopedia.net/img/cache/500-square/VqbcmM/2021/7/12/b2e4748c-5fcf-410c-a41a-c39a1a95516a.jpg,Rp1.200.000,,
23,"OPPO F1S RAM 4/32 GARANSI DISTRIBUTOR 1 TAHUN - ROSE GOLD, 4/32","READY : GOLDkelengkapan - unit hp,  NO HEADSET/HANDSFREE- box- charger- kabel usb- Tempered glass + softcaseNETWORK	Technology	GSM / HSPA / LTELAUNCH	Announced	2016, AugustStatus	Available. Released 2016, AugustBODY	Dimensions	154.5 x 76 x 7.4 mm (6.08 x 2.99 x 0.29 in)Weight	160 g (5.64 oz)Build	Front glass, aluminum bodySIM	Dual SIM (Nano-SIM, dual stand-by)DISPLAY	Type	IPS LCD capacitive touchscreen, 16M colorsSize	5.5 inches, 83.4 cm2 (~71.0% screen-to-body ratio)Resolution	720 x 1280 pixels, 16:9 ratio (~267 ppi density)Protection	Corning Gorilla Glass 4PLATFORM	OS	Android 5.1 (Lollipop), upgradable to 6.0 (Marshmallow); ColorOS 3Chipset	Mediatek MT6755 (28 nm) or MTK7650 (28 nm)CPU	Octa-core 1.5 GHz Cortex-A53GPU	Mali-T860MP2MEMORY	Card slot	microSD, up to 256 GB (dedicated slot)Internal	64 GB, 4 GB RAM or 32 GB, 3 GB RAMMAIN CAMERA	Single	13 MP, f/2.2, 1/3"", PDAFFeatures	LED flash, panorama, HDRVideo	1080p@30fpsSELFIE CAMERA	Single	16 MP, f/2.0, 1/3.1""Video	1080p@30fpsSOUND	Loudspeaker	Yes3.5mm jack	YesActive noise cancellation with dedicated micCOMMS	WLAN	Wi-Fi 802.11 a/b/g/n, dual-band, Wi-Fi Direct, hotspotBluetooth	4.0, A2DPGPS	Yes, with A-GPSRadio	FM radioUSB	microUSB 2.0, USB On-The-GoFEATURES	Sensors	Fingerprint (front-mounted), accelerometer, proximity, compassBATTERY	Non-removable Li-Po 3075 mAh battery""BACALAH CATATAN TOKO SEBELUM MEMBELI - MEMBELI BERARTI SETUJU KETENTUAN TOKO KAMI. TERIMA KASIH""",https://images.tokopedia.net/img/cache/500-square/VqbcmM/2021/11/3/b20129e7-6da1-4ed1-b678-89c4a7a1683b.jpg,Rp699.000,,
24,Samsung Galaxy A22 LTE Smartphone [6 GB/ 128 GB] - Ungu,"Barang ready sesuai stock n warna‚Ä¢ Infinity-U Display‚Ä¢ Processor MediaTek Helio G80‚Ä¢ Multi Camera System‚Ä¢ OIS Camera‚Ä¢ 5,000mAh batterySpesifikasi :    A22 LTE    Display 6,4"" HD+ Super AMOLED Infinity U    Rear Camera 48 (OIS) + 8 + 2 + 2 MP    Front Camera 13 MP    Processor MediaTek Helio G80    RAM/Internal Storage 6/128GB    Battery 5,000mAh    On-display Fingerprint    Fast Charging 15 Watt",https://images.tokopedia.net/img/cache/500-square/VqbcmM/2021/7/29/1845d7fc-d666-41a9-83cd-c61d38653271.jpg,Rp2.740.000,,
25,iphone 11 128GB bekas original 100% mulus fullset - RED,Ready stok iPhone 11 128GBSINGLE (Nano+Esim)warna : Black / Green / Purple / White / REDUnit mulus 95-98%Good condition BH diatas 90%3UTOOLS HIJAU SEMUA all fungsi work it Normal lancar jayaSecond Ex inter ALL GSM 4G LTEFullet (lengkap) acc oemALL Provider ‚úîÔ∏è,https://images.tokopedia.net/img/cache/500-square/VqbcmM/2020/5/16/84530224-8f11-451c-93cd-59a9c772ff0e.jpg,Rp6.450.000,,
26,"Realme C25S 4/128 GB Garansi Resmi 4 GB 128 GB Grey Blue - Non Bundle, Blue","Untuk Produk Xiaomi, Vivo, Realme, Oppo kami repack semua yaa, hanya untuk aktivasi, selebihnya dijamin tidak ada yang ditukar/ganti Tersedia juga aksesoris kompatible dengan produk ini:Anti Gores: https://www.tokopedia.com/distriponsel/anti-gores-jelly-tempered-glass-hydrogel-xiaomi-samsung-vivo-oppo-realTWS: https://www.tokopedia.com/distriponsel/realme-buds-air-pro-garansi-resmi-realme-original-realme-twsPowerbank: https://www.tokopedia.com/distriponsel/realme-powerbank-power-bank-2i-10000mah-quick-charge-dual-outputPacking yang lebih aman (Opsional, untuk standar packing kami sudah memakai bubble wrap) :Ekstra Bubble: https://www.tokopedia.com/distriponsel/ekstra-bubble-wrap-untuk-packingPacking Kayu: https://www.tokopedia.com/distriponsel/packing-kayu-untuk-handphoneMengenai varian:Non Bundle = Tidak dapat bonus yang seperti digambarBundle Headset = Dapat bonus Realme Buds ClassicBundle Powerbank = Dapat bonus Realme Powerbank 2iBundle Hydrogel = Dapat bonus Anti Gores HydrogelBundle Lengkap = Dapat semua bonus yang disebutkan diatasTersedia warna:GreyDISPLAY	Type	IPS LCD, 480 nits (typ), 570 nits (peak)Size	6.5 inches, 102.0 cm2 (~81.7% screen-to-body ratio)Resolution	720 x 1600 pixels, 20:9 ratio (~270 ppi density)PLATFORM	OS	Android 11, Realme UI 2.0Chipset	MediaTek Helio G85 (12nm)CPU	Octa-core (2x2.0 GHz Cortex-A75 & 6x1.8 GHz Cortex-A55)GPU	Mali-G52 MC2MEMORY	Card slot	microSDXC (dedicated slot)Internal	64GB 4GB RAM, 128GB 4GB RAM 	eMMC 5.1MAIN CAMERA	Triple	48 MP, f/1.8, 26mm (wide), PDAF (International model)or13 MP, f/2.2, 26mm (wide), 1/3.06"", 1.12¬µm, PDAF (India model)2 MP, f/2.4, (macro)2 MP, f/2.4, (depth)Features	LED flash, HDR, panoramaVideo	1080p@30/60fpsSELFIE CAMERA	Single	8 MP, f/2.0, 26mm (wide), 1/4.0"", 1.12¬µmFeatures	HDR, panoramaVideo	1080p@30fps",https://images.tokopedia.net/img/cache/500-square/hDjmkQ/2021/12/9/138db0fa-e0ee-4b2d-9661-eeced296a6fb.jpg,Rp2.026.000,,
27,Xiaomi Poco M3 PRO 5G 6/128 RAM 6GB ROM 128GB GARANSI RESMI - Demo,"No RepackBeli extra bubble wrap untuk barang yang anda order agar terlindungi dari benturan keras saat proses pengiriman.https://tokopedia.link/U4y7jl0MIebSpesifikasi POCO M3 Pro 5GRilis: Juni 2021Chipset: MediaTek Dimensity 700 MT6833 5G (7 nm), MIUI 12RAM: RAM 6GBCPU: Octa-core (2x2.2 GHz Cortex-A76 & 6x2.0 GHz Cortex-A55)GPU: Mali-G57 MC2Memori internal: 128GBUkuran HP: 161.8 x 75.3 x 8.9 mmBerat HP: 190 gramUkuran layar: IPS LCD 6,5 inci, 1080 x 2400 piksel (Dilindungi Corning Gorilla Glass 3)Kamera depan: 8 MPKamera utama: Triple camera, 48MP+2MP (macro) +2MP (depth sensor)Kapasitas Baterai: Li-Po 5000 mAh, fast charging 18Watt Type-CPilihan warna: Poco Yellow, Power Black, Cool BlueFitur: Hybrid Dual SIM, Refresh Rate 90Hz",https://images.tokopedia.net/img/cache/500-square/VqbcmM/2021/7/2/af441ce8-0c89-492a-9a96-fea9a8ba0fbf.jpg,Rp2.664.000,,
28,Samsung Galaxy M12 4/64GB Garansi Resmi - Hitam,"Spesifikasi :NETWORK TechnologyGSM / HSPA / LTELAUNCH Announced 2021, April 19Status Available. Released 2021, April 30BODY Dimensions 164 x 75.9 x 9.7 mm (6.46 x 2.99 x 0.38 in)Weight 212 g (7.48 oz)Build Glass front, plastic back, plastic frameSIM Dual SIM (Nano-SIM, dual stand-by)DISPLAY Type PLS IPS, 90HzSize 6.5 inches, 102.0 cm2 (~81.9% screen-to-body ratio)Resolution 720 x 1600 pixels, 20:9 ratio (~270 ppi density)PLATFORM OS Android 11, One UI Core 3.1Chipset Exynos 850 (8nm)CPU Octa-core (4x2.0 GHz Cortex-A55 & 4x2.0 GHz Cortex-A55)GPU Mali-G52MEMORY Card slot microSDXC (dedicated slot)Internal 64GB 4GB RAMeMMC 5.1MAIN CAMERA Quad 48 MP, f/2.0, (wide), 1/2.0"", 0.8¬µm, PDAF5 MP, f/2.2, 123Àö (ultrawide)2 MP, f/2.4, (macro)2 MP, f/2.4, (depth)Features LED flash, panorama, HDRVideo 1080p@30fpsSELFIE CAMERA Single 8 MP, f/2.2, (wide)Features HDRVideo 1080p@30fpsSOUND Loudspeaker Yes3.5mm jack YesCOMMS WLAN Wi-Fi 802.11 b/g/n, Wi-Fi Direct, hotspotBluetooth 5.0, A2DP, LEGPS Yes, with A-GPS, GLONASS, GALILEO, BDSRadio UnspecifiedUSB USB Type-C 2.0FEATURES Sensors Fingerprint (side-mounted), accelerometer, proximityBATTERY Type Li-Po 5000 mAh, non-removableCharging Fast charging 15WMISC Colors Black, Blue, Green",https://images.tokopedia.net/img/cache/500-square/VqbcmM/2022/2/18/0035e496-e0ec-4230-8391-2a900529968e.jpg,Rp1.848.000,,
29,Sony xperia 1 AU - SHADOW PARAH,"Sony xperia 1 au Warna ready lengkapNo minus, mulus 97-99%No shadow/ws/dllJaringan garansi lifetimeFungsi garansi 7hari setelah brg diterima Syarat Segel tidak putus/lepas dan bukan dikarenakan kerusakan pemakaian Contoh masuk ke air,lcd/bc pecah",https://images.tokopedia.net/img/cache/500-square/VqbcmM/2022/3/12/233470ea-7bbc-4661-9e2a-a1ca3ea08f16.jpg,Rp2.100.000,,
30,Oppo Reno 6 8 128 Ram 8gb 128gb new garansi resmi oppo - Ungu Aurora,"Oppo Reno 6 new 100%Ram 8gbMemori internal 128gbimei terdaftar di kemenperinGaransi resmi oppo Indonesia bisa claim ke seluruh SC Service centreSpesifikasiTechnology GSM / CDMA / HSPA / CDMA2000 / LTE / 5GLAUNCHAnnounced 2021, May 27Status Available. Released 2021, June 11BODYDimensions 156.8 x 72.1 x 7.6 mm (6.17 x 2.84 x 0.30 in)Weight 182 g (6.42 oz)SIM Dual SIM (Nano-SIM, dual stand-by)DISPLAYType AMOLED, 90Hz, 430 nits (typ), 600 nits (HDR), 750 nits (peak)Size 6.43 inches, 99.8 cm2 (~88.3% screen-to-body ratio)Resolution 1080 x 2400 pixels, 20:9 ratio (~409 ppi density)Protection Corning Gorilla Glass 5PLATFORMOS Android 11, ColorOS 11.3Chipset Snapdragon 720 GCPU Octa-core (2x2.4 GHz Cortex-A78 & 6x2.0 GHz Cortex-A55)GPU Mali-G78 MC4MEMORYCard slot NoInternal 128GB 8GB RAM,UFS 2.1MAIN CAMERATriple 64 MP, f/1.7, 26mm (wide), 1/2.0"", 0.7¬µm, PDAF8 MP, f/2.2, 119Àö (ultrawide), 1/4.0"", 1.12¬µm2 MP, f/2.4, (macro)Features LED flash, HDR, panoramaVideo 4K@30fps, 1080p@30/60fpsSELFIE CAMERASingle 44 MP, f/2.4, 26mm (wide), 1/2.8"", 0.8¬µmFeatures PanoramaVideo 1080p@30fpsSOUNDLoudspeaker Yes3.5mm jack NoCOMMSWLAN Wi-Fi 802.11 a/b/g/n/ac/6, dual-band, Wi-Fi Direct, hotspotBluetooth 5.2, A2DP, LE, aptXGPS Yes, with A-GPS, GLONASS, BDS, GALILEO, QZSSNFC Dukungan untuk membaca dan menulis kartuRadio UnspecifiedUSB USB Type-C 3.1, USB On-The-GoFEATURESSensors Fingerprint (under display, optical), accelerometer, gyro, proximity, compass, color spectrumBATTERYType Li-Po 4300 mAh, non-removableCharging Fast charging 65WSuperVOOC 2.0",https://images.tokopedia.net/img/cache/500-square/VqbcmM/2021/7/25/ea774359-62a3-49c2-818d-92618e6f4501.jpg,Rp4.100.000,,
31,Xiaomi Redmi Note 10s 8/128 GB - Garansi Resmi Xiaomi Indonesia - Gray,"Garansi Resmi Xiaomi Indonesia 15 Bulan100% Original Baru dan SegelImei Terdaftar Resmi di KemenperinSpesifikasi :aringan	GSM / HSPA / LTESistem Operasi	Android 11Prosesor	Mediatek Helio G95 (12 nm), Octa-core (2x2.05 GHz Cortex-A76 & 6x2.0 GHz Cortex-A55)GPU	Mali-G76 MC4RAM	8 GBROM	128 GBUkuran Layar	6.43 inchTipe Layar	AMOLED, 450 nits (typ), 1100 nits (peak)Resolusi Layar	1080 x 2400 pixels, 20:9 ratio (~409 ppi density)Kamera Belakang	64 MP, f/1.8, 26mm (wide), 1/1.97"", 0.7¬µm, PDAF8 MP, f/2.2, 118Àö (ultrawide), 1/4.0"", 1.12¬µm2 MP, f/2.4, (macro)2 MP, f/2.4, (depth)Kamera Depan	13 MP, f/2.5, (wide), 1/3.06"", 1.12¬µmFitur Kamera	64MP mode, Night mode, AI Beautify, AI portrait mode with bokeh and depth control, Timed burst, Video macro mode, Pro time-lapse video, Slow motion video, Time-lapseAudio	Dual speakers, 3.5mm headphone jack, & Hi-Res Audio certificationWLAN	802.11 a/b/g/n/ac, dual-band, Wi-Fi Direct, hotspotBluetooth	5.1, A2DP, LEGPS	A-GPS, GLONASS, GALILEO, BDSSensor	Proximity sensor, Ambient light sensor, Accelerometer, Gyroscope, Electronic compass, Linear vibration motor, IR BlasterBaterai	5000 mAhPengisian Daya	Fast charging 33WSlot Memori Eksternal	MicroSD SlotSIM	Dual Nano SIMBerat	178,8 grDimensi	160,5 x 74,5 x 8,3 mmLainnya	NFCYesProtectionIP53, dust and splash protectionVideo4K@30fps, 1080p@30/60/120fps, 720p@960fpsUSBUSB Type-C 2.0",https://images.tokopedia.net/img/cache/500-square/VqbcmM/2021/6/10/7f77b9f6-afd0-4254-8aef-1149854d23b8.jpg,Rp2.762.000,,
32,"IPHONE xr 64gb,128gb,256gb second FULLSET OEM original termurah - coral, 64 gb","WAJIB DIBACA !HP INI TIDAK BERLAKU JIKA DI UJI COBA KE DALAM AIR MESKIPUN HP TERSEBUT MEMILIKI FITUR WATERPROOF/WATER RESISTANTiPhone Seken Oringinal Warna, Coral white blackFULLSET OEM (tidak bergransi untuk acc) Kondisi Normal 90% lecet fisik dikit ( wajar )nama nya barang seken lecet2 tipis wajar kalo mau 98-99% mulus tanpa lecet HATI2 itu REKONDISI / REFURBISH- All Unit Jaminan 100% Original bukan rekondisi / refurbish,- All Unit casing masih original pabrik Apple- All Unit FU 100% (FACTORY UNLOCK) / BISA Semua Operator INDO dan semua negara)- All Unit Icloud aman 100%- All Unit Bisa fingger Print- All Unit fungsi normalCatatan : tidak terima retur dengan alasan lecet, karena di atas sudah di jelaskan kondisi nya, Terimakasih Garansi Personal 1 MingguGaransi tidak berlaku jika ditemukan KESALAHAN PEMAKAIAN, seperti:-Terkena cairan/air-Segel Rusak/Hilang-Terbakar-Terjatuh/Retak-Human error (Kesalahan Pengguna)",https://images.tokopedia.net/img/cache/500-square/VqbcmM/2022/2/22/ed8501e3-78c2-4c34-b4a6-1a1a2e87674e.jpg,Rp3.950.000,,
33,Samsung Galaxy A52 8/256 Garansi Resmi - Hitam,"GARANSI RESMI SEINSPESIFIKASIDISPLAY Type Super AMOLED, 90Hz, 800 nits (peak)Size 6.5 inches, 102.0 cm2 (~84.9% screen-to-body ratio)PLATFORM OS Android 11, One UI 3.1Chipset Qualcomm SM7125 Snapdragon 720G (8 nm)CPU Octa-core (2x2.3 GHz Kryo 465 Gold & 6x1.8 GHz Kryo 465 Silver)GPU Adreno 618Internal 256GB 8GB RAM,MAIN CAMERA Quad 64 MP, 12 MP, 5 MP, 5 MP,SELFIE CAMERA Single 32 MP,BATTERY Type Li-Po 4500 mAh, non-removable",https://images.tokopedia.net/img/cache/500-square/VqbcmM/2022/2/18/1d3800aa-644a-46ba-817d-07da25f5dedb.jpg,Rp4.795.000,,
34,"IPhone 11 64GB 128GB 256GB UNIT ONLY - SECOND MULUS - LCD GANTI, 128 gb","Mohon tanya stok terlebih dahulu sebelum order ya kaküôèIPhone 11 64GB / 128GB / 256GB Single NanosimEx inter LLA original 100%Normal / No minus- Untuk varian warna itu unit only dan No minus- Untuk varian fullset = dus + acc oem (untuk warna tulis dinote ya) - Untuk 11 varian lcd gantian itu minus keluar notif lcd gantian pada pengaturan dan truetone kadang on kadang offGaransi Produk 7hariGaransi IMEI Seumur Hidup  Setelah diorder, Pengiriman estimasi 2-3hari baru ada resinya kadang lebih lama ( pengiriman hanya tersedia jne dan tiki, maaf untuk kurir pengiriman kita berhak mengubah kurir yg dipilih pembeli, seperti gan pilih kurir jne tapi klo resi tiki lebih cepat keluarnya, pasti kita pakai tiki dan sebaliknya. Intinya kita akan usahakan proses secepatnya. Pengen Kapasitas / Tipe Lain Silahkan Cek dilapak kami saja atau langsung chat saja Boss‚Ä¶kalau masih ada yang ragu boleh silahkan chat ke kami aja ya..Terima kasihüòÅüòÅüòÅ",https://images.tokopedia.net/img/cache/500-square/VqbcmM/2021/12/2/2c0bc5a1-9aed-45dc-816d-9757fbe24ea2.jpg,Rp5.100.000,,
35,"Iphone XR 64gb Bekas Fullset - 64GB, RED","Jaringan Bisa All Operator IndonesiaAman 100%Iphone XR 64gb SecondKemulusan Fisik 98%Ready Warna Red/Blue/Grey/Silver/CoralBaterai Health Rata"" 90% Ke atas3Utools Masih Hijau semua (Alias masih Part Original bawaan semua)Fullset Acc Oem(acc tidak bergaransi)",https://images.tokopedia.net/img/cache/500-square/VqbcmM/2020/6/29/98402065-806f-4c6e-b339-59252c975d64.jpg,Rp4.150.000,,
36,Apple Iphone XR 128 second mulus - batangan hp aja,"SELAMAT DATANG DI BEDJO STORE YA BOSKUBUDAYAKAN BACA SEBELUM MEMBELI YA BISA PAKE SEMUA OPERATOR GSM INDO DAN BERGARANSI==================================================TIDAK BISA REQWES BATRE KAMI KIRIM SESUAI STOK YANG TERSEDIA ‚û°Ô∏è  Harga bisa berubah sesuai kemulusan unit‚û°Ô∏è  Kondisi unit lecet pemakaian wajar‚û°Ô∏è  Unit Original Bukan Rekondisi ‚û°Ô∏è  Ex garansi apple inter‚û°Ô∏è  Kamera aman ( silent )‚û°Ô∏è  Face id on, True tone on‚û°Ô∏è  Batre Health 85 - 95 %‚û°Ô∏è  icloud aman sudah di riset‚û°Ô∏è  Fullset OEM ( Asesories no garansi )‚û°Ô∏è  Unit only ( batangan )MEMBELI = SETUJU NO KOMPLEN ‚û°Ô∏è ALL barang inter imei tidak terdaftar kecuali garansi RESMI ‚û°Ô∏è Garansi imei lifetime ( selamanya )‚û°Ô∏è Garansi Toko 3 bulan ( 14 hari tukar unit sisanya masuk servic di luar pergantian Sparepart )*Syarat ketentuan berlaku NOT HUMAN ERORGaransi VOID ‚û°Ô∏è Unit Jatuh / Pecah‚û°Ô∏è Kena Air / Cairan‚û°Ô∏è Segel Garansi Toko HilangWajib membeuat video unboxing saat membuka paket *memberi ulasan buruk, bintang 1 - 3 kami anggap garansi VOIDkarna kami selalu membuka diskusi untuk segala keluhan di kolom resolusi tokopediajadi jangan terburu - buru memberikan rating buruk pada toko kamiSilahkan di order sebelum kehabisan bosku",https://images.tokopedia.net/img/cache/500-square/VqbcmM/2021/3/31/c07cce66-434e-437a-acde-36ebeffcbd74.jpg,Rp4.699.000,,
37,Samsung Galaxy A22 5G 6/128 RAM 6GB Internal 128GB Garansi Resmi SEIN - Hitam,"Garansi Resmi Samsung IndonesiaResmi IMEI sudah terdaftarCheck imei : https://www.kemenperin.go.id/imei/Jadi saat hp diaktifkan / dipakai otomatis GARANSI BerlakuNote : Sebelum kirim kami buka segel untuk Aktivasi Garansi dan Cek Fisik.Membeli Berarti Setuju.Resiko Kerusakan saat pengiriman Paket, disarankan untuk order ini juga ya kak- Extra Bubble wraphttps://www.tokopedia.com/sfoneomnistore/tambahan-bubble-wrap-untuk-packing-agar-lebih-aman- Extra Boxhttps://www.tokopedia.com/sfoneomnistore/tambahan-box-untuk-packing-agar-lebih-amanSpesifikasi A22 5G 6/128Bodi-Dimensi 167.2 x 76.4 x 9 mmLayar-type layar TFTuk.layar 6.6 inch-Resolusi 1.080 x 2400 piksel-Fitur 90 HzSoftware- Sistem Operasi Android 11- Desain antarmukaProssesor-Chipset Mediatek MT6833 Dimensity 700 5G (nm)-Cpu octa-core ( 4x2.2 GHz Cortex-A76 & 4x2.0 GHz Cortex-A55)-Gpu Mali-G57 MC2MemoriRAM 6GB ROM 128GBKamera belakang-Triple 48 MP, f/1.8, (wide), PDAF + 5 MP, f/2.2, 115Àö (ultrawide), 1/5.0"", 1.12¬µm + 2 MP, f/2.4, (depth)-Video1080p@30fpsKamera depan-8 MP, f/2.0, (wide)Sensor-Fingerprint (side-mounted), accelerometer, gyro, proximity, compassJack Audiokonektivitas-NFC-USB Tipe-CBatteraiKapasitas Baterai-5000 mAh-Jenis Baterai-Li-Po-Pemasangan-Non-removeable-Fast Charging",https://images.tokopedia.net/img/cache/500-square/VqbcmM/2021/9/1/2823fcb4-1bba-4e83-9f88-f5073c7c3f61.jpg,Rp2.866.000,,
38,iPhone 11 PRO 256 GB - FULLSET - MULUS - Apple 256GB - COD Jakarta - Tompel,"Alamat Toko bisa COD :Gedung B-storeJl Raya Condet No 12 (seberang alfa midi)RT 6 RW 2 Balekambang Kramat Jati Jakarta TimurFollow IG :Bstore_jakarta=================Contact PersonWA ONLY = 0812 8899 9438=================1. Pengiriman dari JAKARTA bisa GOJEK/ GRAB setiap hari2. Semua Orderan dikirim pada hari yang sama3. Minggu JNE OFF, hanya kirim JNT - resi diinput 1 x 24 Jam4. Toko tetap buka dari Senin sampai Minggu5. Personal Garansi 7 Hari Ganti UNIT BARU terhitung sejak barang diterima6. Ongkir Full ditanggung oleh Pembeli==========================================Antigores Hydrogel, Antigores masa kini, Free Pasang :https://www.tokopedia.com/bstorejakarta/anti-gores-hydrogel-all-type-depan-belakang-antigores-screen-protectorHeadset Earpods Lightning Connector :https://www.tokopedia.com/bstorejakarta/handfree-headset-apple-earpods-lightning-connector-new-original-jktCharger Apple iPhone Fast Charging 20W :https://www.tokopedia.com/bstorejakarta/charger-apple-iphone-fast-charging-20w-new-kualitas-original-jktApple iPhone 11 PRO* CAMERA SILENT *= Internal 256 GB, 4 GB RAM =Warna :* Gray* Silver* Gold* GreenPengiriman dari JAKARTA - GOJEKPenjelasan barang yang anda dapat :1. Bekas Original2. Fisik Mulus 93 - 97%3. Fungsi, Mesin 100% NORMAL4. Bisa dipakai semua kartu GSM diIndonesia (Telkomsel, XL, Indosat, dll)5. Fullset Lengkap Accesories OEM6.BH 85-90%Spesifikasi :* 4G LTE* Layar 5.8""* Single (Nano SIM)* iOS 13, upgradable to iOS 13.3* Dimension : 144 x 71.4 x 8.1 mm* Triple Back Camera : 12 MP , 12 MP and 12 MP* Dual Front Camera : 12 MPGaransi Hangus/ VOID jika :1. Segel telah HIlang/ Rusak2. Jatuh, Pecah, Kemasukan Air dan Kesalahan Pemakaian",https://images.tokopedia.net/img/cache/500-square/VqbcmM/2021/11/19/4db5a112-7268-4063-9beb-efa6cce7639c.png,Rp7.200.000,,
39,Huawei Freelace Original Garansi Resmi - Hitam,"Garansi 1 bulan Rusak tuker baruCharging TimePenggunaan 4 jam dengan mengisi daya 5 menit ** Data berasal dari Huawei Labs dan merupakan hasil uji volume sedang. Waktu aktual bervariasi tergantung pada volume, sumber, lingkungan dan kebiasaan penggunaan.WeightSekitar 27 g* Ukuran produk, berat produk, dan spesifikasi terkait hanya nilai teoritis. Pengukuran aktual antara masing-masing produk dapat bervariasi. Semua spesifikasi tergantung pada produk yang sebenarnya.Battery120 mAh*Nilai standar. Kapasitas aktual dapat sedikit berbeda.Kapasitas ini adalah kapasitas nominal baterai. Kapasitas baterai aktual untuk setiap ponsel mungkin sedikit di atas atau di bawah kapasitas baterai nominal.MaterialKabel Memori + Rongga Logam + Silikon CairDimensionsPanjang kabel: 788 mm; Panjang total: 837 mmDriver‚åÄ9,2 mm dynamicPlaytimePenggunaan 18 jam dengan sekali pengisian ** Data berasal dari Huawei Labs dan merupakan hasil uji volume sedang. Waktu aktual bervariasi tergantung pada volume, sumber, lingkungan dan kebiasaan penggunaan.Form FactorIn ear / Nirkabel / BluetoothPasang & SambungkanSetelah dipasang ke port Tipe-C, proses ini akan menyelesaikan seluruh proses penyambungan. **** Ini akan tersedia setelah HOTA, sementara Huawei EMUI9.1 atau versi yang lebih baru dengan Bluetooth pada smartphone diperlukan.Pasang & Isi DayaIni bisa diisi ulang oleh ponsel Anda kapan saja di mana saja ***** Ini akan tersedia setelah HOTA, sedangkan Huawei EMUI9.1 atau versi yang lebih baru dengan smartphone Bluetooth diperlukan.Voice AssistantYaKompatibilitas Bluetooth5,0Water ResistantIPX5Magnetic SwitchYaTombolMulti Fungsi / Power / VolumeDalam KemasanEarphone / kabel pengisian tipe USB-C / Panduan Mulai Cepat / Eartips dengan enam opsi ukuran",https://images.tokopedia.net/img/cache/500-square/product-1/2020/1/17/18568728/18568728_1e30b5e8-449d-4a01-ab6b-d0330bafd86f_1800_1800,Rp255.000,,
40,samsung a02 - random,samsung a02 ram 3/32. garansi sein.100% segel asli pabrik. non repack. new,https://images.tokopedia.net/img/cache/500-square/VqbcmM/2021/3/8/e521dc3a-a01f-4f98-b361-128d638dd9e2.jpg,Rp1.360.000,,
41,XIAOMI POCO M3 PRO 5G RAM 6/128GB GARANSI RESMI TAM TERMURAH - Kuning,"Fitur :OS : Android 11, MIUI 12Chipset : MediaTek MT6833 Dimensity 700 5G (7 nm)Display : 6.5"" IPS LCD, 90Hz, 400 nits (typ), 500 nits (HBM)Main Camera : 48+2+2MPSelfie Camera : 8MPSensors : Fingerprint (side-mounted), accelerometer, gyro, proximity, compassBattery : Li-Po 5000 mAh, non-removable",https://images.tokopedia.net/img/cache/500-square/VqbcmM/2021/7/14/f07c00d0-91a1-406f-8732-6c0c78799205.jpg,Rp2.746.300,,
42,XIAOMI REDMI NOTE 9 PRO RAM 8/128 GARANSI RESMI - RAM 6 64,"HARAP DIBACA SEBELUM MEMBELI :1.SETIAP PEMBELIAN DI OFFICIAL STORE BINTANG TERANG CELL ADA PROMO CASHBACK2.GRATIS ONGKIR DAN ASURANSI PENGIRIMAN PENGIRIMAN3..HARAP CHAT DULU SEBELUM PEMBAYARAN(TANYAKAN YG JELAS KETERSEDIAAN WARNA/GIFT/PROMO/DLL)kENAPA BELI DI BINTANG TERANG CELL:- AMAN DAN BERGARANSI, toko kita OFFICIAL STORE di Tokopedia (TRUSTED SELLER)-- ADA TOKO FISIK:FAST RESPON-FAST DELIVERY:FAST RESPON WA DI#nol-899-7199999- Barang 100% original,baru,garansi resmi, imei terdaftar-GARANSI RETUR GANTI BARU BACA SYARATNYA DI CATATAN TOKO DAN WAJIB ADA VIDEO UNBOXING YG JELASNOTE : READY- Pengiriman : SETIAP HARI (SENIN-MINGGU)- SAMEDAY sebelum - Jam 3 Sore (Anteraja) - Jam 5 Sore (Gojek/Grab)- INSTAN sebelum - Jam 7 Malam- REGULAR sebelum - Jam 6 Malam- JAM AKTIF : 10:00 Pagi - 19:00 MalamNOTE:- ORDER MAKSIMAL 1 JAM SEBELUM CLOSE ORDER/IKUT ANTRIAN- JNE/J&T DIKIRIM HARI YANG SAMAREADY ACCESORIES PELINDUNG HP",https://images.tokopedia.net/img/cache/500-square/VqbcmM/2020/12/30/65fd6013-e38b-4603-81cf-882277325a9e.jpg,Rp3.028.000,,
43,XIAOMI REDMI 4X RAM 3/32 GB GARANSI DISTRIBUTOR 1 TAHUN - 2/16 BLACK,"ORIGINAL 1000%WARNA BLACKGARANSI MESIN 1 TAHUN DISTRIBUTORGARANSI LCD 3 BULANGARANSI GANTI UNIT 7 HARI JIKA ADA CACAT PABRIKNETWORK	Technology	GSM / HSPA / LTELAUNCH	Announced	2017, MayStatus	Available. Released 2017, MayBODY	Dimensions	139.2 x 70 x 8.7 mm (5.48 x 2.76 x 0.34 in)Weight	150 g (5.29 oz)Build	Glass front (Gorilla Glass), aluminum back, aluminum frame, plastic endsSIM	Hybrid Dual SIM (Nano-SIM/ Micro-SIM, dual stand-by)DISPLAY	Type	IPS LCDSize	5.0 inches, 68.9 cm2 (~70.7% screen-to-body ratio)Resolution	720 x 1280 pixels, 16:9 ratio (~294 ppi density)Protection	Corning Gorilla Glass (unspecified version)PLATFORM	OS	Android 6.0.1 (Marshmallow), upgradable to 7.1.2 (Nougat), MIUI 11Chipset	Qualcomm MSM8940 Snapdragon 435 (28 nm)CPU	Octa-core 1.4 GHz Cortex-A53GPU	Adreno 505MEMORY	Card slot	microSDXC (uses shared SIM slot)Internal	16GB 2GB RAM, 16GB 3GB RAM, 32GB 3GB RAM, 64GB 3GB RAM, 64GB 4GB RAM 	eMMC 5.1MAIN CAMERA	Single	13 MP, f/2.0, PDAFFeatures	LED flash, HDR, panoramaVideo	1080p@30fpsSELFIE CAMERA	Single	5 MP, f/2.2Video	1080p@30fpsSOUND	Loudspeaker	Yes3.5mm jack	YesCOMMS	WLAN	Wi-Fi 802.11 b/g/n, Wi-Fi Direct, hotspotBluetooth	4.2, A2DP, LEGPS	Yes, with A-GPS, GLONASS, BDSNFC	NoInfrared port	YesRadio	FM radioUSB	microUSB 2.0FEATURES	Sensors	Fingerprint (rear-mounted), accelerometer, gyro, proximity, compassBATTERY	Type	Li-Po 4100 mAh, non-removableStand-by	Up to 432 h (3G)Talk time	Up to 36 h (3G)Music play	Up to 87 hMISC	Colors	Black, GoldModels	2016060, 2016090, MAG138, MAE136, Redmi 4, Redmi 4XSAR	0.77 W/kg (head)0.83 W/kg (body)Price	About 110 EURTESTS	Performance	GeekBench: 1819 (v4.4)GFXBench: 5.1fps (ES 3.1 onscreen)Display	Contrast ratio: 915 (nominal), 2.920 (sunlight)Camera	Photo / VideoLoudspeaker	Voice 64dB / Noise 70dB / Ring 72dBAudio quality	Noise -94.3dB / Crosstalk -94dB",https://images.tokopedia.net/img/cache/500-square/VqbcmM/2021/4/18/40c46621-1def-43b2-b862-7c5122dfb2b4.jpg,Rp538.000,,
44,Redmi Note 10 5G 8/128 Resmi Xiaomi Indonesia - Aurora Green,"REDMI NOTE 10 5G 8/128 BARU RESMI XIAOMI INDONESIASEGEL NO REPACKGARANSI RESMI XIAOMI INDONESIAGARANSI TAMBISA COD DI RAWAMANGUNPengiriman tanpa asuransi, resiko kehilangan, rusak paket, dll dikarenakan kelalaian ekspedisi kurir pengiriman menjadi tanggung jawab pembeli. membeli berarti setuju. terimakasih!!!",https://images.tokopedia.net/img/cache/500-square/VqbcmM/2021/8/26/12f65919-0122-40a6-a193-63542978c073.jpg,Rp2.760.000,,
45,"iPhone 11 Pro Second Original Fullset - Silver, 64 gb","SELAMAT DATANG DI XIA XIA CELLULARHarap Konfirmasi Stok melalui chat terlebih dahuluiPhone 11 Pro Second Original FullsetEx Internarional / Bekas Internasional USA/AUS/JAKondisi Mesin Normal dan Fungsional No MinusBisa pakai All Provider IndonesiaKondisi Unit Mulus 90-96%Battery Health 85% ke atas3utools Score hijau semuaiCloud bebas Reset, bisa langsung login Apple ID sendiriSebelum dikirim, kami akan melakukan QC (Quality Check) untuk mengurangi resiko retur, jadi tidak bias buru-buru dikirim.GARANSI TOKO 1 MINGGUSyarat dan Ketentuan Garansi:- WAJIB MELAKUKAN VIDEO UNBOXING. Garansi tidak berlaku jika tidak memberikan video unboxing.- Unit wajib memiliki segel yang utuh seperti yang dikirim- Barang yang di retur harus dalam keadaan fisik bagus (seperti yang diterima) dan segel utuh (tidak rusak).- Garansi VOID jika unit rusak karena kesalahan pengguna (human error), unit jatuh, terkena cairan, atau segel rusak/hilang/sobek.- GARANSI VOID JIKA MEMBERIKAN PENILAIAN JELEK!Silahkan chat kami untuk info lebih jelas.Barang Sudah Di beli Tidak Dapat Di Kembalikan / Batal---SELAMAT BERBELANJA---",https://images.tokopedia.net/img/cache/500-square/VqbcmM/2021/8/27/6bee3c50-f30e-4285-8cd1-ac5706504862.jpg,Rp7.000.000,,
46,"Xiaomi Redmi Note 10 Pro Ram 6GB Rom 128GB, Snapdragon 732G, 5020mAh - Blue","HARAP! Diskusikan untuk stok warna, Terima Kasih!!‚Ä¢ Display : 6.67 inches‚Ä¢ AMOLED‚Ä¢ OS : Android 11, MIUI 12‚Ä¢ Chipset : Snapdragon 732G* Rear Camera : 108MP / Front Camera 16MP‚Ä¢ Battery : 5020 mAhGaransi Resmi 1 Tahun------------------------------------------------------------------PENGIRIMAN!GO-SEND / GO-JEK--------------------------------------------------------------------------Khusus untuk Go-Send / Go-Jek order masuk sebelum pukul 16.00 WIB untuk di kirim hari itu juga--------------------------------------------------------------------------BARANG!- Barang yang kita kirim 100% Baru dan Original- Bukan barang KW / BM / Refurbished- Untuk barang-barang tertentu kita selalu melakukan QC terlebih dahulu, untuk memastikan kelayakan barang tersebut--------------------------------------------------------------------------HATI-HATI PENIPUAN!Kami hanya menerima Order melalui MarketplaceBE SMART BUYER!Sebagai pengingat order masuk setelah pukul 14:00 WIB akan dikirim keesokan harinya ya üòäJam operasional pukul 10:00 - 21:00 WIB",https://images.tokopedia.net/img/cache/500-square/VqbcmM/2021/12/1/9f71f931-5612-4f44-8196-8108b5d1098e.jpg,Rp3.280.000,,
47,Xiaomi redmi2 8GB - Abu-abu,"#Harga termurah (bisa cek toko sebelah)#kualitas prioritas utama kami#pelayanan Fast Respon#Request warna terlebih dahuluRam 1GB internal 8GBGARANSI TOKO 1 BULANJika garansi sudah habis lalu ada kerusakan bisa kami bantu jadi jangan takut untuk beli disini :)Kesenangan customer prioritas kamiAnda sopan kami seganGARANSI UANG KEMBALI JIKA TERBUKTI BARANG YANG KAMI JUAL PALSU/REPLIKAKondisi :- Imei dus dan mesin cocok / tembus- Wrap PlastikGaransi tidak berlaku (void) jika ditemukan HUMAN ERROR, seperti:1. Terkena cairan2. Segel Rusak/Hilang3. Unit lecet/bekas jatuh4. Dll human error5. MIcould masih terkunci dan acc hilangKetentuan Return:1. Garansi mesin di berikan selama 1 bulan dari tanggal beli2. Aksesoris tidak ada garansi.3. Barang yang di return harus dalam keadaan seperti baru, tidak lecet, dan lengkap dengan SEGEL.4. Returan semua diganti barang baru dengan jika dilihat dari kerusakan yang dialami 5. Refund dana tidak diperbolehkan6. Jika Terjadi kerusakan ongkir pp full ditanggung buyer/ pembeli7. Wajib reset Micloud/ Lampirkan id Micloud jika ingin diretur8. Claim Garansi bisa di bantuRefurbish dari pabrik luar :)",https://images.tokopedia.net/img/cache/500-square/VqbcmM/2020/10/25/3c74b7b8-9026-43c1-89c2-4ba9974c1bec.jpg,Rp370.000,,
48,"Iphone 8 64gb Bekas Fullset - 64GB, GREY",Iphone 8 64gb Kemulusan Fisik 98%Baterai Health rata‚Äù 90% ke atas3UTOOLS SKOR HIJAU SEMUATrue Tone udah pasti ONReady warna Black/gold/Silver/RedFullset Acc Oem,https://images.tokopedia.net/img/cache/500-square/attachment/2018/8/18/153459548039284/153459548039284_f7daca75-081b-4d2e-83fc-b338918cd2b4.png,Rp2.800.000,,
49,"Samsung Galaxy M32 8/128 GB Garansi Resmi SEIN 1 Tahun - 6/128GB, Putih","Tersedia warna:Hitam dan BiruDISPLAY Type Super AMOLED, 90Hz, 800 nits (HBM)Size 6.4 inches, 98.9 cm2 (~83.9% screen-to-body ratio)Resolution 1080 x 2400 pixels, 20:9 ratio (~411 ppi density)PLATFORM OS Android 11, One UI 3.1Chipset Mediatek Helio G80 (12 nm)CPU Octa-core (2x2.0 GHz Cortex-A75 & 6x1.8 GHz Cortex-A55)GPU Mali-G52 MC2MEMORY Card slot microSDXC (dedicated slot)Internal 128GB RAM 8GBeMMC 5.1MAIN CAMERA Quad 64 MP, f/1.8, 26mm (wide), 1/1.97"", 0.7¬µm, PDAF8 MP, f/2.2, 123Àö, (ultrawide), 1/4.0"", 1.12¬µm2 MP, f/2.4, (macro)2 MP, f/2.4, (depth)Features LED flash, panorama, HDRVideo 1080p@30fpsSELFIE CAMERA Single 20 MP, f/2.2, (wide)Video 1080p@30fps",https://images.tokopedia.net/img/cache/500-square/VqbcmM/2021/8/14/ffa7b0b0-b0da-4417-a0a6-09c5578f357e.png,Rp2.799.000,,
50,xiaomi mi 11 lite 6/64 6/128 8/128 garansi resmi - black 6/64gb,"xiaomi mi 11 litegaransi resmi xiaomi indonesia 15bulanvarian ram 6/64gbram 6/128gbram 8/128gbimei terdaftar kemenprinbarang segel utuh ya boz kuno repackn 100% garansi resmi hrga nettttready,,silakan di order boz kuüôè maksihhh!üòòüòòpaking aman n tebal pkok ny,,",https://images.tokopedia.net/img/cache/500-square/VqbcmM/2021/6/23/1660fc79-e496-4756-ae15-cd90810cff7b.jpg,Rp3.890.000,,
